train_size,train_accuracy,validation_accuracy
80,1.0,0.9820792079207921
160,1.0,0.988039603960396
240,1.0,0.9940198019801979
320,1.0,0.996039603960396
401,1.0,0.996039603960396
