C,train_accuracy,validation_accuracy
0.01,0.23708920187793428,0.23684210526315788
0.1,0.9953051643192489,0.9736842105263158
1.0,1.0,0.9736842105263158
5.0,1.0,0.9868421052631579
10.0,1.0,0.9868421052631579
