threshold,recall,false_positive_rate,block_rate
0.1,1.0,0.3333333333333333,0.7777777777777778
0.2,1.0,0.26666666666666666,0.7555555555555555
0.3,0.9333333333333333,0.13333333333333333,0.6666666666666666
0.4,0.8333333333333334,0.06666666666666667,0.5777777777777777
0.5,0.6333333333333333,0.0,0.4222222222222222
0.6,0.5333333333333333,0.0,0.35555555555555557
0.7,0.3,0.0,0.2
0.8,0.1,0.0,0.06666666666666667
0.9,0.03333333333333333,0.0,0.022222222222222223
